factor,level,policies,exposure,claimnb,freq_hat,actual_loss,model_premium,n_claims,claim_amount,obs_frequency,pred_frequency,obs_severity,pred_severity,loss_ratio
Area,A,20750,12374.745549789,981,1017.2909455247783,1873468.46,1722903.6180318752,661,1873468.46,0.07927435728298485,0.08220701924187232,2834.2941906202723,1693.6193383133873,1.0873901710997156
Area,B,15171,8617.476526668,742,763.5393199397372,782745.25,1329219.4864376786,504,782745.25,0.08610409296779353,0.08860358569899862,1553.0659722222222,1740.8657965939306,0.5888758463041834
Area,C,38278,20879.503035367,2006,1964.4732280094515,2865680.76,3152760.458062583,1444,2865680.76,0.09607508361679454,0.09408620620337106,1984.543462603878,1604.888482627575,0.9089433840974401
Area,D,30402,15426.127481813,1706,1684.6074632809234,2825625.7199999997,2942642.46773173,1324,2825625.7199999997,0.11059159221984449,0.10920481924365213,2134.1583987915405,1746.782281256591,0.9602341266345109
Area,E,27379,12658.260859312,1567,1556.10499068342,2523623.38,2785960.1134890607,1228,2523623.38,0.1237926771628539,0.12293197367146036,2055.067899022801,1790.3419950253517,0.9058361488311053
Area,F,3623,1627.489187809,223,229.82526385391225,184547.1,339250.90828054695,151,184547.1,0.1370208795673861,0.14121461793753204,1222.166225165563,1476.1253945353492,0.5439840999552665
VehPowerBand,4-,23096,12036.347201112,1114,1146.1308087140658,1565745.65,1942194.3455230633,797,1565745.65,0.09255299646865298,0.0952224781791089,1964.5491217063989,1694.566039719466,0.8061735189422149
VehPowerBand,5,24809,13501.384052669,1500,1427.8991519530532,1794238.08,2285801.477298114,1054,1794238.08,0.11109972089887146,0.10575946483581297,1702.3131688804556,1600.8143671572593,0.7849492170776106
VehPowerBand,6,29865,16559.300226778,1664,1678.793028039374,2597456.04,2921244.886963485,1253,2597456.04,0.10048733806451254,0.10138067460873752,2072.989656823623,1740.0863824024475,0.8891606628364355
VehPowerBand,7,29168,15603.398044732,1551,1524.6128496675383,2795681.02,2609650.462412046,1150,2795681.02,0.09940142496868795,0.0977103093375405,2431.0269739130435,1711.6807476607023,1.0712856224492264
VehPowerBand,8-9,15283,7488.85926864,705,725.6714157229602,994748.62,1231283.9457839176,551,994748.62,0.0941398382197173,0.09690012720118112,1805.3513974591651,1696.751338286122,0.8078953870925983
VehPowerBand,10-15,13382,6394.313846827,691,712.7339571952314,1307821.26,1282561.9340528485,507,1307821.26,0.10806476137277646,0.11146371202109602,2579.5291124260357,1799.4960407106441,1.0196944297787889
VehAgeBand,0,11811,3377.932545821,1027,1070.7236781469878,476001.89,1971088.7330384967,220,476001.89,0.30403212203587376,0.3169760389299753,2163.6449545454548,1840.8939423565337,0.24149186285806007
VehAgeBand,1,14170,6584.104925506,604,583.7320052536834,1226156.03,1035820.9900286491,472,1226156.03,0.0917360836186221,0.08865776166360571,2597.7881991525423,1774.4803791912916,1.1837528316220804
VehAgeBand,2-4,30679,16024.655019057,1499,1482.3622143715975,2776448.81,2597869.0614833427,1207,2776448.81,0.09354335542433484,0.09250509372019104,2300.2889892294947,1752.5197527951227,1.0687408580995577
VehAgeBand,5-10,42009,24132.803167105,2360,2395.4423122500025,3618951.55,3960635.803559067,1910,3618951.55,0.0977922035686627,0.09926083993073742,1894.7390314136126,1653.4047943066107,0.913729948799628
VehAgeBand,11+,36934,21464.106983269,1735,1683.5810012699515,2958132.39,2707322.4639239185,1503,2958132.39,0.08083261984076069,0.07843703922004681,1968.1519560878244,1608.0737795697046,1.0926413197608402
DrivAgeBand,18-20,1331,492.669270154,126,122.98232217666214,327548.51,308594.1093448308,122,327548.51,0.25574966338090166,0.2496245039562138,2684.8238524590165,2509.2558335460626,1.061421783764476
DrivAgeBand,21-25,6375,2687.841889348,416,445.46303062525186,681350.62,791469.0609013743,338,681350.62,0.15477100853611248,0.16573260220053698,2015.8302366863904,1776.7334357476723,0.8608682937322091
DrivAgeBand,26-30,13074,5796.604730876,605,619.6542826855369,873211.38,1044865.2906291906,455,873211.38,0.10437144295477443,0.10689952333387634,1919.1458901098902,1686.2068411773414,0.835716707054337
DrivAgeBand,31-40,34103,16769.753812363,1537,1507.8783224245192,2494928.28,2575093.119125375,1191,2494928.28,0.09165310458325826,0.08991654494730154,2094.8180352644836,1707.759227538254,0.9688691494183312
DrivAgeBand,41-50,32939,17642.75376073,1843,1831.8297443767156,2628048.86,2956787.4596140543,1336,2628048.86,0.10446215058004316,0.10382901497237246,1967.1024401197603,1614.1169607550555,0.8888189955807766
DrivAgeBand,51-60,27210,15243.447432412,1450,1454.9632374559894,1997963.74,2462014.1308839,1047,1997963.74,0.09512283926776817,0.09544843736347426,1908.27482330468,1692.1486863054658,0.8115159514875331
DrivAgeBand,61-70,12711,7593.410019453,687,712.5656408122832,723869.28,1155956.8785273877,467,723869.28,0.09047318638662012,0.09384000587177743,1550.041284796574,1622.2461655738332,0.6262078572707326
DrivAgeBand,71+,7860,5357.121725422,561,520.5046307352645,1328770.0,977957.0030073615,356,1328770.0,0.10472041307887361,0.09716124766499729,3732.5,1878.8632132357786,1.358720266753893
BonusMalusBand,50,76946,45019.430639192,3619,3596.064312149828,5019582.23,5896524.62548796,2337,5019582.2299999995,0.08038751153928304,0.07987804956865108,2147.874296106119,1639.7161211955224,0.8512780915562802
BonusMalusBand,51-60,18805,9602.91598321,953,904.2405632331576,1681453.21,1499240.9706824103,760,1681453.21,0.0992406891475726,0.09416312345272586,2212.4384342105263,1658.0111882194258,1.121536325968101
BonusMalusBand,61-80,23605,10510.924438927,1381,1411.5905058554747,2124160.2199999997,2435764.1677449625,1155,2124160.2199999997,0.13138711138341874,0.13429746489544508,1839.0997575757574,1725.5458701663636,0.8720713803613235
BonusMalusBand,81-100,14685,5736.260145195,1023,1024.0326388285014,1691288.2,1937853.9533247913,827,1691288.2,0.17833919210531618,0.17851921163064513,2045.0885126964934,1892.3751839997074,0.87276350062307
BonusMalusBand,101-150,1562,714.071434234,249,279.91319122526124,539206.8099999999,503353.33479335037,233,539206.8099999999,0.3487046086181948,0.3919960634268058,2314.192317596566,1798.2479946372903,1.0712292394394667
VehBrand,B1,32541,19050.023003182,1691,1736.3190734205643,2873869.37,2867138.3035961166,1363,2873869.37,0.08876629701274091,0.09114524812545056,2108.488165810712,1651.2738629011476,1.0023476601723191
VehBrand,B10,3549,1876.554507819,148,172.54399982839712,513874.73,310843.19106951397,131,513874.73,0.07886794621916471,0.09194723580341614,3922.7078625954196,1801.529994544358,1.6531638612765431
VehBrand,B11,2668,1355.971601163,147,139.60571595920388,337416.39,246274.95337465478,138,337416.39,0.10840935007334956,0.10295622403851658,2445.046304347826,1764.0749999564646,1.3700800076355837
VehBrand,B12,33279,12922.365456959,1769,1776.5537316073169,2105739.68,3229577.5948030157,837,2105739.68,0.1368944413383195,0.13747898846573794,2515.818016726404,1817.8890609073173,0.6520170573973892
VehBrand,B13,2397,1338.1003361,122,130.10655694153957,156388.38999999998,231524.82475310765,100,156388.38999999998,0.09117402986055494,0.09723228776755671,1563.8838999999998,1779.5015885105474,0.6754713675596934
VehBrand,B14,783,441.143798187,26,34.88155085591468,66079.07,48451.80052488558,21,66079.06999999999,0.05893769810853977,0.07907070438090678,3146.622380952381,1389.0380254314255,1.3638104112572824
VehBrand,B2,32033,19008.454587884,1777,1704.4100711483566,2712839.18,2826467.9309002683,1434,2712839.18,0.09348471711806917,0.0896658938404571,1891.7985913528591,1658.3262319002365,0.959798322967678
VehBrand,B3,10623,5690.795734695,567,560.350356602518,1066306.7,947617.405431081,487,1066306.7,0.09963457246289452,0.09846608149827576,2189.5414784394247,1691.1159139375172,1.1252502263979902
VehBrand,B4,5074,2761.445453994,260,266.1096945860003,279884.58999999997,448304.4144762345,218,279884.58999999997,0.09415358888365893,0.09636608762310118,1283.8742660550456,1684.6602119238212,0.6243181663223109
VehBrand,B5,6946,4034.320041913,424,406.2417511707904,565896.0599999999,669524.3939123983,331,565896.06,0.10509825586344584,0.10069646110132553,1709.6557703927494,1648.0935107797911,0.8452209734930775
VehBrand,B6,5710,3104.428118862,294,288.7187091716212,377396.51,447012.2391921983,252,377396.51,0.09470343288469263,0.09300222073669973,1497.6051984126984,1548.2621146192635,0.8442643778210597
VehGas,Diesel,66522,34192.40692859,3277,3358.26502873515,5780489.39,5683302.103146313,2650,5780489.39,0.09583999180999261,0.09821668991448318,2181.316750943396,1692.3328130796335,1.0171004963469887
VehGas,Regular,69081,37391.195712168,3948,3857.5761825570726,5275201.28,6589434.948887162,2662,5275201.28,0.10558635327928882,0.10316803485644413,1981.668399699474,1708.1801206371047,0.8005544209660781
Region,Alsace,439,242.120951418,28,26.48721615839839,25743.77,37707.334204137966,23,25743.77,0.11564468021464414,0.10939663008621917,1119.294347826087,1423.6050319007186,0.6827258023765282
Region,Aquitaine,6127,2784.835028062,273,262.8158517672788,328387.73,460208.926875234,215,328387.73,0.09803094159943253,0.09437393925275907,1527.3847906976744,1751.0698984882583,0.7135622775284155
Region,Auvergne,1019,448.700358558,38,37.161850985532865,38050.72,49202.28258051269,30,38050.72,0.08468903417443567,0.08282108600260733,1268.3573333333334,1323.9997813797588,0.7733527390265947
Region,Basse-Normandie,2246,1374.680405717,127,129.8352890889619,185034.8,215239.49544572525,87,185034.8,0.09238510963845438,0.0944476174600328,2126.8367816091954,1657.788856604657,0.859669363268222
Region,Bourgogne,2110,1009.614918777,89,105.28554817122955,115427.15999999999,190360.57330719373,59,115427.16,0.08815242162606948,0.10428287678114692,1956.3925423728815,1808.0408623375708,0.6063606449310793
Region,Bretagne,8446,5566.909520907,530,544.3258019742464,625877.41,915071.8312690847,357,625877.41,0.09520542735777186,0.09777881245060382,1753.158011204482,1681.1105186455582,0.6839653332263437
Region,Centre,32295,20592.985237628,1861,1840.0547926853903,2855437.0,2998008.2686895207,1313,2855437.0,0.09037057903579399,0.08935347505242697,2174.7425742574255,1629.3038014994129,0.9524446712911032
Region,Champagne-Ardenne,611,245.461917808,28,35.366069982729094,394925.13,48911.741871957274,14,394925.13,0.11407064790352353,0.1440796613118308,28208.937857142857,1383.0132071740843,8.074239740507457
Region,Corse,889,352.662869226,48,51.06701680396988,57831.82,116674.53879519767,27,57831.82,0.1361073256885452,0.14480406433500703,2141.9192592592594,2284.733788994848,0.495667868904234
Region,Franche-Comte,272,107.858204207,13,10.854904696519451,14300.38,24568.950553788916,10,14300.380000000001,0.12052861528317843,0.10064051016171997,1430.038,2263.396247197525,0.5820509088775327
Region,Haute-Normandie,1761,631.082002394,71,57.72867310261429,84811.26,84895.56443845037,50,84811.26,0.11250518907315146,0.09147570820213766,1696.2251999999999,1470.5961505047273,0.9990069629784781
Region,Ile-de-France,13906,6043.668163017,836,791.8539416527158,948342.34,1283015.049178723,527,948342.34,0.13832658866278136,0.1310220747224848,1799.5110815939279,1620.267301443094,0.7391513767566857
Region,Languedoc-Roussillon,7211,2947.779578555,307,299.26248688752935,375457.72,563299.7513335682,235,375457.72,0.10414618590664476,0.10152132441131424,1597.6924255319148,1882.2932242265,0.666532728109915
Region,Limousin,904,472.128318736,54,49.500760767149885,79980.2,67781.33306981387,45,79980.2,0.11437568528947992,0.1048459895387661,1777.3377777777778,1369.298815197109,1.1799738420255241
Region,Midi-Pyrenees,3511,1436.217962419,139,143.69631040994673,93357.39,225591.79471871388,75,93357.39,0.0967819673873765,0.10005188221425752,1244.7652,1569.920578163281,0.4138332695850288
Region,Nord-Pas-de-Calais,7963,3849.590171416,297,368.100044612088,428673.58,639470.7612539852,240,428673.58,0.07715106979576325,0.09562057991141672,1786.1399166666667,1737.2200047622207,0.6703568106216186
Region,Pays-de-la-Loire,7705,4366.752943326,377,402.65900422964387,362534.23,665450.5048513497,292,362534.23,0.08633417207085056,0.09221016381177564,1241.5555821917808,1652.6403181383498,0.5447951836492843
Region,Picardie,1593,710.806707086,83,87.32392688230748,108936.32,141598.39437726818,58,108936.31999999999,0.11676873497756388,0.12285186114843767,1878.2124137931032,1621.5303117106744,0.7693330173628603
Region,Poitou-Charentes,3806,2223.101747877,195,190.87048737498642,273501.78,299987.07432517974,169,273501.77999999997,0.087715283471042,0.08585773798129681,1618.3537278106508,1571.6786730670497,0.9117118816377061
Region,Provence-Alpes-Cotes-D'Azur,15963,7209.482613954,826,782.8989996401178,2013046.04,1565701.0683722426,651,2013046.04,0.11457132837816568,0.10859295202748832,3092.2366205837175,1999.876189766448,1.285715441257783
Region,Rhone-Alpes,16826,8967.16301967,1005,998.6922334188665,1646033.89,1679991.812521827,835,1646033.89,0.11207558040324161,0.11137215094987972,1971.2980718562874,1682.1917266449925,0.9797868523711118
