model,factor,level,coef,relativity,std_err,z,p_value,is_base,degenerate
frequency,Intercept,"(base mean, log scale)",-1.613558105666158,0.19917765662373602,0.12166739649983828,-13.262041862367811,3.84288054368788e-40,False,False
frequency,Area,B,0.023617271700610162,1.023898368009114,0.02848826913167972,0.829017431401163,0.4070945435981804,False,False
frequency,Area,C,0.017881156066393712,1.0180419810865486,0.037048837583452475,0.4826374383843062,0.6293531915230328,False,False
frequency,Area,D,0.06436415901742219,1.0664806966187115,0.05607532645202769,1.1478160376379722,0.2510445152142422,False,False
frequency,Area,E,0.07083631362045148,1.0734055096259139,0.07471413752397327,0.9480978562821859,0.3430796394987792,False,False
frequency,Area,F,0.05404539290602387,1.0555325147558732,0.1029296150197723,0.5250713596435973,0.5995335850309322,False,False
frequency,VehPowerBand,5,0.17010042389395352,1.1854238902261323,0.020421010550303757,8.329677097758676,8.106314875975985e-17,False,False
frequency,VehPowerBand,6,0.20568983024210197,1.2283721410116741,0.0203135914341692,10.12572448888157,4.24820861262089e-24,False,False
frequency,VehPowerBand,7,0.11617163496828152,1.1231886340360169,0.020098492246394657,5.780116913452591,7.464873155038812e-09,False,False
frequency,VehPowerBand,8-9,0.07857886913651577,1.0817486683813449,0.02421470405920894,3.2450889733930874,0.0011741393163408813,False,False
frequency,VehPowerBand,10-15,0.16590835336530743,1.1804649111292222,0.025376498519562994,6.5378741372615705,6.239940064284977e-11,False,False
frequency,VehPowerBand,16+,-6.310354288804062e-16,0.9999999999999993,2.9895459603713453e-16,-2.110806915984066,0.034788911441648196,False,True
frequency,VehAgeBand,1,-1.254798659892521,0.285133251204942,0.025925745277247277,-48.39971412485281,0.0,False,False
frequency,VehAgeBand,2-4,-1.1879168423609427,0.30485566546655163,0.02081140038326106,-57.08010131391269,0.0,False,False
frequency,VehAgeBand,5-10,-1.1267514572679265,0.32408435009662806,0.0206213839245896,-54.63995342836093,0.0,False,False
frequency,VehAgeBand,11+,-1.3652249469711746,0.25532323533930984,0.022314710400068456,-61.18049136622389,0.0,False,False
frequency,DrivAgeBand,21-25,-0.4335519529974053,0.6482026156720134,0.050375338524697104,-8.60643254605329,7.5369467138221e-18,False,False
frequency,DrivAgeBand,26-30,-0.6355827960677155,0.5296267339779807,0.04983882593255967,-12.752764218959856,3.0088392844830898e-37,False,False
frequency,DrivAgeBand,31-40,-0.4999582794796787,0.606555965015219,0.048194916956599526,-10.373672392254582,3.2672199781065464e-25,False,False
frequency,DrivAgeBand,41-50,-0.16214440089115487,0.850318408938533,0.04845623750312113,-3.346202867705338,0.0008192643224312723,False,False
frequency,DrivAgeBand,51-60,-0.21167110293450989,0.8092308074405941,0.04906207977350713,-4.314352426796417,1.6007141718893363e-05,False,False
frequency,DrivAgeBand,61-70,-0.2281708332992953,0.7959882669178872,0.050962125245798094,-4.4772629123842975,7.560611761754694e-06,False,False
frequency,DrivAgeBand,71+,-0.1584617597102497,0.8534555995563454,0.05237539645182544,-3.025499956950241,0.002482224399877362,False,False
frequency,BonusMalusBand,51-60,0.2924679081644746,1.339729741487488,0.01951693517056746,14.985339942386611,9.155591498691239e-51,False,False
frequency,BonusMalusBand,61-80,0.6735010823109047,1.9610912574479404,0.017466695151432354,38.55915938715369,0.0,False,False
frequency,BonusMalusBand,81-100,0.9440241307623592,2.5703038738313726,0.02134421463831632,44.228571852331505,0.0,False,False
frequency,BonusMalusBand,101-150,1.7301973032415134,5.641766937527223,0.03357082662885923,51.538716111153065,0.0,False,False
frequency,VehBrand,B10,0.048055528343529115,1.0492289156505747,0.04102225512369041,1.171450184750496,0.2414178702402643,False,False
frequency,VehBrand,B11,0.08871467682151754,1.0927688195683725,0.04450132548698384,1.9935288634821815,0.04620356618186052,False,False
frequency,VehBrand,B12,0.14696587121314475,1.1583144304889508,0.020416905394976363,7.198244218210763,6.099283049244035e-13,False,False
frequency,VehBrand,B13,0.06181014013603627,1.0637603601569894,0.04564228234945229,1.3542298271326039,0.1756630658503121,False,False
frequency,VehBrand,B14,-0.08649103685050571,0.9171437692445765,0.08571171447016192,-1.0090923671887941,0.31293033823116667,False,False
frequency,VehBrand,B2,-0.015454460858076906,0.9846643465001653,0.01721014540156952,-0.8979854903879836,0.36919328499827453,False,False
frequency,VehBrand,B3,-0.007454676865617245,0.9925730403209799,0.02455288452574614,-0.3036171516955686,0.7614195829246613,False,False
frequency,VehBrand,B4,-0.009643686875680613,0.9904026643540178,0.03338485869398013,-0.2888640914756826,0.7726853836846908,False,False
frequency,VehBrand,B5,0.05041862683258946,1.0517112787949503,0.028062243842013238,1.7966712539610066,0.07238782511409797,False,False
frequency,VehBrand,B6,-0.015090363382177655,0.9850229255782412,0.03191754283007157,-0.4727921401255254,0.6363614821775916,False,False
frequency,VehGas,Regular,0.07697247645531193,1.0800123502153325,0.01268111637142105,6.069850177290532,1.2802963421336392e-09,False,False
frequency,Region,Aquitaine,-0.07034419413390411,0.9320729506464743,0.10242265758636714,-0.6868030550231221,0.4922068443710629,False,False
frequency,Region,Auvergne,-0.29490492067696644,0.7446023803906411,0.12747487930328236,-2.3134355748268036,0.02069870305982218,False,False
frequency,Region,Basse-Normandie,0.04073799544694354,1.041579171306783,0.10753100720103921,0.3788488223752993,0.7048001299781956,False,False
frequency,Region,Bourgogne,0.05231306757947564,1.053705571934107,0.10943473756893624,0.4780298170544071,0.6326289830032727,False,False
frequency,Region,Bretagne,0.12541133577325803,1.1336146534378564,0.10029442448990895,1.2504317803416498,0.21114186132702983,False,False
frequency,Region,Centre,0.09621547923319726,1.100996280269696,0.09885639860123513,0.9732852965978382,0.3304115280373774,False,False
frequency,Region,Champagne-Ardenne,0.18542984468816445,1.2037357483560178,0.13104667994262356,1.4149907862553373,0.15707119751206836,False,False
frequency,Region,Corse,0.1515518312023104,1.1636386130350287,0.12121576521107413,1.2502650207125434,0.21120275178723402,False,False
frequency,Region,Franche-Comte,-0.11257014072660045,0.893534671739375,0.1800138843212377,-0.6253414349179711,0.5317469907834751,False,False
frequency,Region,Haute-Normandie,-0.10055670794770627,0.9043338280432388,0.11798056141134176,-0.8523158963205231,0.3940387855103723,False,False
frequency,Region,Ile-de-France,-0.032425364791825007,0.9680947010845774,0.10014893142099536,-0.3237714504962487,0.746111072105243,False,False
frequency,Region,Languedoc-Roussillon,-0.040621827889663724,0.9601921791986574,0.10206691074779789,-0.39799213664885164,0.6906359820548393,False,False
frequency,Region,Limousin,0.188446648366503,1.2073726659642847,0.12063544101676807,1.5621167940216616,0.11826047727054709,False,False
frequency,Region,Midi-Pyrenees,-0.09823184102264809,0.9064387297093159,0.10675027845130575,-0.9202021994486567,0.3574671051647287,False,False
frequency,Region,Nord-Pas-de-Calais,-0.08751915395772479,0.9162013226014107,0.10124507488409426,-0.8644287542669808,0.38735240269576465,False,False
frequency,Region,Pays-de-la-Loire,0.02788798680039032,1.0282804969817254,0.10093670487679365,0.27629182896777965,0.782323931296786,False,False
frequency,Region,Picardie,0.09066667303939645,1.0949039834090908,0.11130058731530729,0.8146109129015078,0.4152950618280483,False,False
frequency,Region,Poitou-Charentes,-0.026794993353730343,0.9735608075035477,0.10441671860470902,-0.2566159300137395,0.7974752763484567,False,False
frequency,Region,Provence-Alpes-Cotes-D'Azur,-0.009017782650214416,0.9910227556051734,0.09937806430689762,-0.09074218453647734,0.9276974504673919,False,False
frequency,Region,Rhone-Alpes,0.09609876417561176,1.1008677849242596,0.09905010054454577,0.9702036004738157,0.33194501641216734,False,False
frequency,LogDensity,+1 log(Density),0.028146534612379665,1.028546391026012,0.014121448611363278,1.9931761526031155,0.04624216147130753,False,False
frequency,Area,A,0.0,1.0,,,,True,False
frequency,VehPowerBand,4-,0.0,1.0,,,,True,False
frequency,VehAgeBand,0,0.0,1.0,,,,True,False
frequency,DrivAgeBand,18-20,0.0,1.0,,,,True,False
frequency,BonusMalusBand,50,0.0,1.0,,,,True,False
frequency,VehBrand,B1,0.0,1.0,,,,True,False
frequency,VehGas,Diesel,0.0,1.0,,,,True,False
frequency,Region,Alsace,0.0,1.0,,,,True,False
severity,Intercept,"(base mean, log scale)",7.527471647766463,1858.4008665911958,0.2758288607071514,27.290369936155482,5.518721122754972e-164,False,False
severity,Area,B,-0.01405788075783241,0.9860404698414746,0.06379307834629395,-0.22036686615937698,0.8255854481170029,False,False
severity,Area,C,-0.13918281212905853,0.8700689547603464,0.0817751853306146,-1.7020176911412261,0.08875205194768429,False,False
severity,Area,D,-0.10081795344797127,0.9040976057572733,0.12318494673984773,-0.8184275442427804,0.4131130991005113,False,False
severity,Area,E,-0.11298398877401758,0.8931649606675554,0.16407621352456944,-0.6886067538186996,0.4910707697552569,False,False
severity,Area,F,-0.3016565275742368,0.7395920507442104,0.22743155895596204,-1.326361780919978,0.1847198918793722,False,False
severity,VehPowerBand,5,-0.0417401982581566,0.9591189289748714,0.0459589634584218,-0.9082058235695016,0.3637694878715262,False,False
severity,VehPowerBand,6,0.061023701641308964,1.0629241069345605,0.04480472896672602,1.361992429116754,0.17320027441938435,False,False
severity,VehPowerBand,7,0.035345670245610694,1.035977753597875,0.044386338883143465,0.7963186677474287,0.4258468379049931,False,False
severity,VehPowerBand,8-9,0.01705058880042404,1.0171967797885288,0.05249020021994535,0.32483375428133954,0.745306896445799,False,False
severity,VehPowerBand,10-15,0.06626015966669496,1.0685046628262433,0.05564587659819981,1.190746982838231,0.23375292764447586,False,False
severity,VehPowerBand,16+,1.140379660495847e-15,1.000000000000001,5.683966880104886e-16,2.0063094746160868,0.04482323978747365,False,True
severity,VehAgeBand,1,-0.027617624313250995,0.9727602555668692,0.07465682223561351,-0.369927670187877,0.7114363838198954,False,False
severity,VehAgeBand,2-4,-0.03518457578494058,0.965427205327135,0.06722178770304138,-0.5234102957864164,0.6006887609187203,False,False
severity,VehAgeBand,5-10,-0.09921919742782445,0.9055441933094311,0.0667289777369802,-1.486898208135424,0.13704169760051532,False,False
severity,VehAgeBand,11+,-0.12782468589758295,0.8800076433720193,0.06872966044114294,-1.859818382298664,0.06291122571722568,False,False
severity,DrivAgeBand,21-25,-0.3457128623034672,0.7077156697816243,0.09822248791396325,-3.519691566011747,0.00043204890629388107,False,False
severity,DrivAgeBand,26-30,-0.3807246969309233,0.6833659964816475,0.09726668482126678,-3.9142353584943006,9.069114283085473e-05,False,False
severity,DrivAgeBand,31-40,-0.34305509193296363,0.7095991172963281,0.0940384472442803,-3.648030161980681,0.00026425862121227305,False,False
severity,DrivAgeBand,41-50,-0.38300926525592316,0.6818065821442519,0.09479040976764308,-4.040590880393728,5.3316698756270336e-05,False,False
severity,DrivAgeBand,51-60,-0.3343324990348012,0.7158157346132462,0.09617496935477848,-3.4762943131438577,0.0005083940350021027,False,False
severity,DrivAgeBand,61-70,-0.3832741287208806,0.6816260204036342,0.10149207077864338,-3.7763948038542896,0.00015911471523877903,False,False
severity,DrivAgeBand,71+,-0.22209716498555881,0.8008375471854621,0.10609552760037567,-2.093369720749401,0.036316163211503126,False,False
severity,BonusMalusBand,51-60,0.021094322341346096,1.0213183802353714,0.04165637597460048,0.5063888023818521,0.6125837338296161,False,False
severity,BonusMalusBand,61-80,0.06039353462933393,1.0622544982309543,0.03586314396494824,1.6840000053637545,0.09218166770085286,False,False
severity,BonusMalusBand,81-100,0.1281437612236053,1.136716406692718,0.04636646058659617,2.763716695266787,0.005714713283253225,False,False
severity,BonusMalusBand,101-150,0.08344310995932452,1.0870233727298912,0.0670876190323067,1.2437929853963319,0.213575762721956,False,False
severity,VehBrand,B10,0.0772329929929982,1.0802937479462589,0.08198850147579655,0.941997860709746,0.34619373518148844,False,False
severity,VehBrand,B11,0.04363294042122677,1.0445988544934854,0.08770976735661702,0.4974695719328573,0.6188579551416582,False,False
severity,VehBrand,B12,0.04311113350573603,1.044053917775536,0.047310404147734526,0.9112400175469738,0.3621689231809738,False,False
severity,VehBrand,B13,0.06804261067938136,1.0704109184434838,0.09413594639041686,0.7228122018042213,0.46979526985186815,False,False
severity,VehBrand,B14,-0.1767043919186368,0.8380274756056407,0.18119173311174214,-0.9752342939932145,0.329444054640204,False,False
severity,VehBrand,B2,0.006393964598248279,1.0064144496267993,0.036182505565682935,0.17671425729877022,0.8597328414224377,False,False
severity,VehBrand,B3,0.0033277396490064837,1.003333282721521,0.050105863683687885,0.06641417599373384,0.9470480843103103,False,False
severity,VehBrand,B4,0.011924753560000875,1.0119961368944372,0.068571808432345,0.17390169273085737,0.8619427222934894,False,False
severity,VehBrand,B5,0.006663240155946326,1.0066854889294898,0.05811408499514856,0.11465792082078867,0.908716268208342,False,False
severity,VehBrand,B6,-0.07581011610625701,0.9269922107391185,0.06484549372351131,-1.169088424702212,0.24236800707774875,False,False
severity,VehGas,Regular,0.013920169203171476,1.0140175058817693,0.027931914189962718,0.4983607320465585,0.618229808914204,False,False
severity,Region,Aquitaine,0.2123758978774165,1.2366126377889837,0.235090558881118,0.9033791016031912,0.3663247275727096,False,False
severity,Region,Auvergne,-0.0861358495848687,0.9174695848915295,0.28811319671368707,-0.2989653044961572,0.764966518503208,False,False
severity,Region,Basse-Normandie,0.17812658922662442,1.194976582822009,0.24656599784650596,0.7224296568966215,0.47003035885814215,False,False
severity,Region,Bourgogne,0.25262958982561146,1.287406320105732,0.25224654509235106,1.0015185331205236,0.31657618471460003,False,False
severity,Region,Bretagne,0.22508159658959304,1.2524249056236734,0.23134995145292045,0.972905311524982,0.33060036488112376,False,False
severity,Region,Centre,0.1787743276175578,1.1957508657702927,0.2281131358467117,0.7837090439968841,0.43321085454509345,False,False
severity,Region,Champagne-Ardenne,-0.05971225464361095,0.942035560947162,0.3274568368532586,-0.1823515282729292,0.85530686278638,False,False
severity,Region,Corse,0.4414695481216775,1.5549906739006631,0.29175518372797454,1.5131506576187965,0.13024139445396765,False,False
severity,Region,Franche-Comte,0.4242819348760878,1.5284924683765886,0.42075631987198264,1.0083792324383336,0.3132724389127046,False,False
severity,Region,Haute-Normandie,0.04796361081257661,1.049132477551488,0.2678095195074261,0.1790959891970779,0.8578623312494301,False,False
severity,Region,Ile-de-France,0.12949052047570336,1.1382483213590244,0.23147330594281335,0.5594188061913915,0.5758759295966605,False,False
severity,Region,Languedoc-Roussillon,0.3051386190719696,1.356813070139696,0.2354609035597001,1.2959205305801564,0.19500286520863663,False,False
severity,Region,Limousin,-0.005964313284576486,0.9940534379231135,0.2733052687346232,-0.0218228990322458,0.9825892277490808,False,False
severity,Region,Midi-Pyrenees,0.09388431242440565,1.09843266355459,0.25127492175115995,0.3736318442370473,0.7086782387823458,False,False
severity,Region,Nord-Pas-de-Calais,0.21421402074319063,1.2388877741040678,0.2326878800238961,0.9206066973543775,0.3572558042970433,False,False
severity,Region,Pays-de-la-Loire,0.18724281576176005,1.205920065902007,0.23204505426323144,0.806924398178951,0.41971004122271705,False,False
severity,Region,Picardie,0.12549601755578926,1.1337106540121056,0.25468134885672267,0.4927570005387013,0.6221842966980986,False,False
severity,Region,Poitou-Charentes,0.13679318709194774,1.1465909941801011,0.23841178350895437,0.5737685657924286,0.5661244228719909,False,False
severity,Region,Provence-Alpes-Cotes-D'Azur,0.347054166632491,1.4148933633036245,0.22922678933373117,1.5140209730338936,0.13002052024043304,False,False
severity,Region,Rhone-Alpes,0.18628509644113786,1.2047656858300515,0.2282820979303019,0.8160302456043382,0.4144828372236631,False,False
severity,LogDensity,+1 log(Density),0.022546864782498757,1.0228029664798315,0.031068403593458534,0.7257168754961716,0.4680123542963053,False,False
severity,Area,A,0.0,1.0,,,,True,False
severity,VehPowerBand,4-,0.0,1.0,,,,True,False
severity,VehAgeBand,0,0.0,1.0,,,,True,False
severity,DrivAgeBand,18-20,0.0,1.0,,,,True,False
severity,BonusMalusBand,50,0.0,1.0,,,,True,False
severity,VehBrand,B1,0.0,1.0,,,,True,False
severity,VehGas,Diesel,0.0,1.0,,,,True,False
severity,Region,Alsace,0.0,1.0,,,,True,False
